product_id,name,category,subcategory,brand,price,cost,weight_kg,created_at
1,Panasonic Cricket Bat,Sports,Cricket Bat,Panasonic,9748,4728.55,3.48,2024-07-17 19:06:25
2,Panasonic Perfume,Health & Beauty,Perfume,Panasonic,2786,1942.28,3.26,2024-08-04 18:35:43
3,H&M Pressure Cooker,Home & Kitchen,Pressure Cooker,H&M,16281,11312.99,3.34,2024-07-01 17:28:51
4,H&M Novel,Books,Novel,H&M,1359,657.46,4.58,2024-12-01 15:10:07
5,Sony Shampoo,Health & Beauty,Shampoo,Sony,1858,1268.81,0.91,2024-08-15 00:58:12
6,Himalaya Power Bank,Electronics,Power Bank,Himalaya,68094,29674.56,3.72,2025-01-02 12:25:38
7,Dell Dinner Set,Home & Kitchen,Dinner Set,Dell,7462,4819.99,4.33,2025-03-25 10:05:25
8,Goldstar Mobile Phone,Electronics,Mobile Phone,Goldstar,137083,91449.5,4.92,2025-05-01 03:08:22
9,P&G Face Cream,Health & Beauty,Face Cream,P&G,1128,695.45,4.91,2024-11-19 07:41:00
10,Puma Thermos,Home & Kitchen,Thermos,Puma,23699,13226.1,2.17,2024-09-10 22:10:08
11,HP Makeup Kit,Health & Beauty,Makeup Kit,HP,1709,1179.9,1.92,2024-11-10 09:02:31
12,Dabur Shoes,Fashion,Shoes,Dabur,13475,5602.72,1.09,2024-09-15 11:29:25
13,Dabur Mobile Phone,Electronics,Mobile Phone,Dabur,8540,5376.93,1.09,2024-08-19 18:42:22
14,Sony Tea,Groceries,Tea,Sony,186,105.87,1.83,2025-03-23 18:38:01
15,Puma Camera,Electronics,Camera,Puma,92939,39938.19,2.56,2024-10-13 21:05:43
16,P&G Yoga Mat,Sports,Yoga Mat,P&G,11457,6566.11,1.93,2024-12-10 18:24:44
17,Panasonic Magazine,Books,Magazine,Panasonic,1738,877.86,1.66,2024-07-10 15:28:53
18,Zara Tea,Groceries,Tea,Zara,128,72.85,0.71,2024-11-18 10:17:42
19,Goldstar Textbook,Books,Textbook,Goldstar,1652,876.94,1.41,2024-07-27 15:29:47
20,Dabur Power Bank,Electronics,Power Bank,Dabur,92077,57117.07,2.21,2024-09-07 21:51:55
21,Himalaya Cricket Bat,Sports,Cricket Bat,Himalaya,9802,6595.15,1.71,2024-11-13 02:33:04
22,Dabur Toothpaste,Health & Beauty,Toothpaste,Dabur,1822,995.03,2.44,2024-09-07 13:48:59
23,Bajaj Dinner Set,Home & Kitchen,Dinner Set,Bajaj,17947,12459.5,0.51,2024-08-08 12:13:04
24,Panasonic Comic Book,Books,Comic Book,Panasonic,356,224.57,2.85,2024-12-31 11:53:00
25,Apple Running Shoes,Sports,Running Shoes,Apple,8904,4055.82,1.41,2025-01-30 22:55:52
26,Panasonic Rice Cooker,Home & Kitchen,Rice Cooker,Panasonic,4028,2170.86,4.09,2024-10-27 21:11:06
27,H&M Headphones,Electronics,Headphones,H&M,70749,42247.76,2.67,2024-10-12 05:40:42
28,Bajaj Spices,Groceries,Spices,Bajaj,191,128.29,3.64,2025-04-03 15:00:29
29,Samsung Shampoo,Health & Beauty,Shampoo,Samsung,2298,1220.54,3.94,2025-06-15 21:17:17
30,Dell Blender,Home & Kitchen,Blender,Dell,16100,9442.42,0.36,2025-03-08 09:11:47
31,Samsung Toothpaste,Health & Beauty,Toothpaste,Samsung,1445,827.68,3.75,2025-04-20 08:24:42
32,Adidas Oil,Groceries,Oil,Adidas,348,163.49,4.24,2025-04-29 04:08:13
33,HP Dictionary,Books,Dictionary,HP,1153,774.79,3.35,2024-07-13 23:19:41
34,Xiaomi Speaker,Electronics,Speaker,Xiaomi,139254,74260.98,3.55,2024-09-16 04:40:38
35,Generic Face Cream,Health & Beauty,Face Cream,Generic,511,266.76,3.43,2025-06-09 00:00:12
36,Zara Novel,Books,Novel,Zara,267,115.8,0.34,2025-02-11 15:26:15
37,H&M Biscuits,Groceries,Biscuits,H&M,227,99.19,2.58,2025-06-25 04:48:22
38,Unilever Dinner Set,Home & Kitchen,Dinner Set,Unilever,9269,4545.52,2.55,2025-05-10 20:18:18
39,Apple Watch,Fashion,Watch,Apple,7092,4886.17,0.36,2025-01-21 23:07:53
40,H&M Dictionary,Books,Dictionary,H&M,1168,793.36,3.05,2024-10-23 07:44:54
41,HP Makeup Kit,Health & Beauty,Makeup Kit,HP,1141,599.63,0.32,2025-06-24 19:48:07
42,Unilever Sandals,Fashion,Sandals,Unilever,11316,7362.1,3.87,2025-03-08 01:34:51
43,Panasonic Watch,Fashion,Watch,Panasonic,11893,7279.21,0.68,2025-03-18 05:25:22
44,Puma Thermos,Home & Kitchen,Thermos,Puma,18380,9612.1,2.87,2024-12-30 13:53:16
45,Local Brand Rice Cooker,Home & Kitchen,Rice Cooker,Local Brand,20360,10424.91,1.32,2025-04-20 02:17:50
46,Samsung Headphones,Electronics,Headphones,Samsung,56972,24030.54,0.92,2025-03-21 23:22:48
47,Xiaomi Thermos,Home & Kitchen,Thermos,Xiaomi,4430,2691.82,1.8,2025-06-21 12:29:28
48,H&M Soap,Health & Beauty,Soap,H&M,1906,1303.4,0.8,2025-05-03 02:33:31
49,Puma Novel,Books,Novel,Puma,1013,419.95,1.71,2024-09-09 03:17:20
50,LG Thermos,Home & Kitchen,Thermos,LG,20493,11912.87,2.08,2024-09-21 09:25:15
51,Nike Shampoo,Health & Beauty,Shampoo,Nike,1635,791.39,3.16,2024-10-19 18:12:59
52,Dell Headphones,Electronics,Headphones,Dell,82606,42838.54,4.33,2025-01-24 18:21:47
53,Goldstar Textbook,Books,Textbook,Goldstar,660,363.95,2.14,2024-11-15 04:46:58
54,Adidas Comic Book,Books,Comic Book,Adidas,618,399.66,4.2,2024-10-26 15:18:58
55,Himalaya Dinner Set,Home & Kitchen,Dinner Set,Himalaya,12444,6532.6,3.19,2025-01-01 05:16:51
56,Puma Running Shoes,Sports,Running Shoes,Puma,5399,2836.73,0.67,2024-10-22 18:01:07
57,Zara Sandals,Fashion,Sandals,Zara,14389,7012.72,0.18,2025-05-01 22:16:15
58,Apple Toothpaste,Health & Beauty,Toothpaste,Apple,2121,1477.52,4.91,2024-07-18 10:23:59
59,H&M Charger,Electronics,Charger,H&M,136924,77870.72,0.81,2025-04-07 10:52:44
60,LG Shoes,Fashion,Shoes,LG,13785,7225.26,1.9,2024-12-20 01:49:01
61,P&G Yoga Mat,Sports,Yoga Mat,P&G,7140,3053.11,3.17,2025-03-21 22:08:57
62,Adidas Running Shoes,Sports,Running Shoes,Adidas,9334,5071.18,0.89,2025-05-03 17:44:02
63,CG Dictionary,Books,Dictionary,CG,1140,534.16,0.46,2025-02-01 07:10:08
64,Goldstar Kurta,Fashion,Kurta,Goldstar,9669,4623.23,2.25,2025-06-08 12:29:14
65,Nike Running Shoes,Sports,Running Shoes,Nike,11358,7629.03,4.89,2025-04-01 14:01:09
66,Dell Pressure Cooker,Home & Kitchen,Pressure Cooker,Dell,17287,8224.91,2.74,2025-03-30 18:26:08
67,LG Headphones,Electronics,Headphones,LG,49542,28873.42,4.03,2024-08-24 20:55:04
68,Goldstar Spices,Groceries,Spices,Goldstar,610,304.3,4.14,2025-02-22 11:55:19
69,Himalaya Toothpaste,Health & Beauty,Toothpaste,Himalaya,381,194.31,3.84,2025-02-05 00:52:57
70,Dell Headphones,Electronics,Headphones,Dell,129809,74743.31,2.33,2025-05-03 18:14:09
71,Unilever Charger,Electronics,Charger,Unilever,81156,47756.0,0.52,2024-10-21 22:12:25
72,Generic Badminton Racket,Sports,Badminton Racket,Generic,3225,1388.1,3.58,2024-11-27 08:46:22
73,Sony Kurta,Fashion,Kurta,Sony,8748,4235.3,4.64,2024-10-22 03:14:18
74,Unilever Running Shoes,Sports,Running Shoes,Unilever,7408,3268.99,1.54,2025-02-10 05:10:37
75,LG Saree,Fashion,Saree,LG,14787,7902.78,0.26,2024-10-28 19:32:49
76,Goldstar Pressure Cooker,Home & Kitchen,Pressure Cooker,Goldstar,18737,9298.87,2.02,2024-12-18 06:48:54
77,Unilever Rice Cooker,Home & Kitchen,Rice Cooker,Unilever,11625,5614.41,3.91,2024-11-03 08:43:42
78,Apple Speaker,Electronics,Speaker,Apple,18363,10032.05,2.05,2025-05-22 12:40:09
79,Dell Rice,Groceries,Rice,Dell,342,140.55,3.72,2024-11-14 15:18:43
80,Dell Spices,Groceries,Spices,Dell,525,358.86,4.89,2024-08-11 22:15:05
81,Dell Dinner Set,Home & Kitchen,Dinner Set,Dell,10275,5230.38,2.41,2025-05-23 12:34:36
82,Unilever Novel,Books,Novel,Unilever,1363,929.56,4.02,2024-07-30 17:14:58
83,Generic Face Cream,Health & Beauty,Face Cream,Generic,2197,1317.37,0.94,2025-02-15 07:37:37
84,Himalaya Textbook,Books,Textbook,Himalaya,1944,1053.29,2.03,2024-08-23 07:41:29
85,Samsung Comic Book,Books,Comic Book,Samsung,890,459.28,4.9,2025-06-08 15:46:39
86,Puma Badminton Racket,Sports,Badminton Racket,Puma,4115,2573.85,1.89,2025-05-02 12:19:54
87,H&M Jeans,Fashion,Jeans,H&M,14115,8773.94,1.11,2025-06-07 16:59:49
88,Generic Mobile Phone,Electronics,Mobile Phone,Generic,102938,46004.41,3.74,2025-03-14 10:03:12
89,H&M Makeup Kit,Health & Beauty,Makeup Kit,H&M,2361,1016.17,4.15,2025-02-19 04:07:24
90,Dell Camera,Electronics,Camera,Dell,61791,29281.99,3.31,2025-05-26 20:29:19
91,Adidas Biscuits,Groceries,Biscuits,Adidas,1413,830.69,3.97,2024-10-06 13:54:50
92,Adidas Oil,Groceries,Oil,Adidas,362,249.5,0.27,2025-06-02 21:23:26
93,Panasonic Kurta,Fashion,Kurta,Panasonic,4343,2993.46,4.17,2024-08-13 16:04:57
94,Xiaomi Laptop,Electronics,Laptop,Xiaomi,85036,44654.13,3.24,2024-11-22 23:02:20
95,Adidas Dal,Groceries,Dal,Adidas,1090,654.61,0.17,2025-01-14 23:20:58
96,LG Rice Cooker,Home & Kitchen,Rice Cooker,LG,10579,6449.55,4.17,2025-01-15 02:40:42
97,H&M Shoes,Fashion,Shoes,H&M,6341,3469.64,2.27,2024-07-12 07:28:25
98,Puma Magazine,Books,Magazine,Puma,1840,850.54,1.14,2025-05-29 07:08:18
99,Dabur Perfume,Health & Beauty,Perfume,Dabur,2853,1320.81,4.85,2024-11-27 23:18:07
100,Bajaj Curtain,Home & Kitchen,Curtain,Bajaj,13848,6220.81,2.32,2024-08-11 18:44:33
101,Panasonic Novel,Books,Novel,Panasonic,1955,862.19,2.07,2024-08-03 07:05:59
102,Unilever Power Bank,Electronics,Power Bank,Unilever,97852,59096.92,4.6,2025-06-28 14:08:49
103,CG Dinner Set,Home & Kitchen,Dinner Set,CG,23093,14081.92,0.19,2025-02-23 22:57:04
104,HP Jeans,Fashion,Jeans,HP,11102,5358.0,3.62,2025-04-27 04:03:03
105,Local Brand Rice Cooker,Home & Kitchen,Rice Cooker,Local Brand,7305,3432.22,3.44,2025-05-27 00:12:44
106,Himalaya Rice Cooker,Home & Kitchen,Rice Cooker,Himalaya,22182,10804.32,1.89,2024-08-23 19:42:40
107,Xiaomi Jeans,Fashion,Jeans,Xiaomi,10371,5943.9,1.32,2024-08-03 20:55:58
108,Samsung Dictionary,Books,Dictionary,Samsung,1504,692.75,2.39,2025-01-02 04:25:00
109,Zara Kurta,Fashion,Kurta,Zara,8444,4472.47,3.55,2025-03-12 23:37:42
110,Unilever Rice Cooker,Home & Kitchen,Rice Cooker,Unilever,10213,5868.5,0.61,2024-09-01 21:42:23
111,Apple T-Shirt,Fashion,T-Shirt,Apple,585,405.32,2.93,2025-04-25 02:39:47
112,Samsung Tea,Groceries,Tea,Samsung,168,68.41,1.46,2024-12-19 07:32:51
113,P&G Laptop,Electronics,Laptop,P&G,67186,37749.06,4.63,2025-04-15 09:58:24
114,Local Brand Charger,Electronics,Charger,Local Brand,109915,55152.06,0.34,2025-02-18 06:28:46
115,Panasonic Perfume,Health & Beauty,Perfume,Panasonic,585,392.56,1.41,2025-03-28 07:13:15
116,Dabur Power Bank,Electronics,Power Bank,Dabur,60016,34446.52,2.98,2025-02-15 10:49:21
117,HP Dictionary,Books,Dictionary,HP,624,315.53,2.81,2025-06-21 19:47:47
118,Zara Spices,Groceries,Spices,Zara,1117,564.13,1.16,2025-01-12 19:43:22
119,H&M Running Shoes,Sports,Running Shoes,H&M,2811,1222.36,0.62,2025-02-12 07:03:40
120,Adidas Textbook,Books,Textbook,Adidas,1653,878.63,4.69,2025-01-12 21:29:23
121,Puma Football,Sports,Football,Puma,4025,1963.5,3.64,2024-07-25 07:06:44
122,Apple Magazine,Books,Magazine,Apple,1224,527.54,1.32,2024-10-25 01:00:15
123,Unilever Biscuits,Groceries,Biscuits,Unilever,1495,709.41,3.49,2025-06-29 18:51:32
124,Dell Yoga Mat,Sports,Yoga Mat,Dell,4238,2304.87,2.31,2024-10-17 15:42:26
125,Sony Noodles,Groceries,Noodles,Sony,111,53.98,3.89,2024-09-23 06:29:50
126,H&M Face Cream,Health & Beauty,Face Cream,H&M,610,396.83,2.11,2025-06-09 15:29:20
127,Apple Saree,Fashion,Saree,Apple,1912,1008.71,3.96,2025-04-15 11:37:45
128,Adidas Shoes,Fashion,Shoes,Adidas,8515,5121.27,2.46,2024-08-05 14:23:00
129,Puma Speaker,Electronics,Speaker,Puma,138139,86309.23,1.01,2024-09-13 17:43:14
130,Bajaj Comic Book,Books,Comic Book,Bajaj,795,531.53,2.12,2025-06-12 18:07:39
131,Sony Makeup Kit,Health & Beauty,Makeup Kit,Sony,1764,1164.53,3.54,2025-01-28 18:21:15
132,Samsung Textbook,Books,Textbook,Samsung,478,241.47,0.76,2024-09-07 09:45:02
133,Samsung Makeup Kit,Health & Beauty,Makeup Kit,Samsung,802,520.23,1.85,2024-08-23 07:27:20
134,Himalaya Speaker,Electronics,Speaker,Himalaya,83435,40203.86,2.7,2024-07-21 21:54:58
135,Goldstar Comic Book,Books,Comic Book,Goldstar,332,183.13,2.08,2025-05-23 21:50:41
136,Nike Curtain,Home & Kitchen,Curtain,Nike,3241,2122.72,1.55,2024-11-29 20:49:19
137,P&G Shoes,Fashion,Shoes,P&G,10457,6493.34,2.61,2025-04-19 11:39:51
138,HP Dinner Set,Home & Kitchen,Dinner Set,HP,18319,9914.8,3.98,2024-09-02 19:03:45
139,Dell Bag,Fashion,Bag,Dell,1151,593.21,4.17,2024-09-22 08:45:01
140,Nike Noodles,Groceries,Noodles,Nike,337,160.23,0.96,2024-10-14 06:12:30
141,Generic Thermos,Home & Kitchen,Thermos,Generic,17320,8434.75,2.23,2024-08-16 11:02:57
142,Dabur Saree,Fashion,Saree,Dabur,11455,6331.45,1.83,2024-09-15 23:50:06
143,HP Running Shoes,Sports,Running Shoes,HP,4718,2937.25,3.35,2024-10-23 21:12:09
144,Xiaomi Novel,Books,Novel,Xiaomi,242,139.4,2.72,2024-09-19 02:35:47
145,Generic Mobile Phone,Electronics,Mobile Phone,Generic,18511,7691.93,3.4,2024-07-05 03:15:46
146,Dabur Curtain,Home & Kitchen,Curtain,Dabur,4524,1889.64,1.84,2025-01-22 07:01:50
147,Apple Saree,Fashion,Saree,Apple,8181,4582.16,1.08,2025-02-21 06:09:32
148,Bajaj Rice,Groceries,Rice,Bajaj,517,308.92,2.0,2025-03-18 02:24:40
149,Dabur Cricket Bat,Sports,Cricket Bat,Dabur,2378,1061.55,2.0,2025-02-04 01:54:46
150,Puma Power Bank,Electronics,Power Bank,Puma,56167,39286.64,1.24,2025-05-05 06:43:11
151,Goldstar Power Bank,Electronics,Power Bank,Goldstar,78723,47534.21,2.16,2025-05-12 17:08:24
152,Local Brand Soap,Health & Beauty,Soap,Local Brand,2563,1415.54,3.15,2025-06-27 21:33:15
153,Local Brand Oil,Groceries,Oil,Local Brand,478,300.84,1.47,2024-09-28 02:51:53
154,Zara Charger,Electronics,Charger,Zara,29608,14040.35,1.61,2024-10-30 23:47:40
155,Puma Noodles,Groceries,Noodles,Puma,1444,865.0,4.58,2024-07-07 12:40:28
156,Puma Thermos,Home & Kitchen,Thermos,Puma,1881,1039.84,0.43,2024-09-22 06:33:57
157,Unilever Rice,Groceries,Rice,Unilever,1283,724.15,1.01,2024-10-09 15:08:35
158,Puma Blender,Home & Kitchen,Blender,Puma,24888,12770.46,1.04,2025-04-21 18:53:01
159,Unilever Football,Sports,Football,Unilever,2941,1749.66,1.44,2024-12-15 11:47:18
160,Samsung Running Shoes,Sports,Running Shoes,Samsung,2025,1108.61,1.2,2024-07-01 08:51:29
161,HP Jeans,Fashion,Jeans,HP,4758,2838.9,2.35,2024-09-09 01:17:29
162,P&G Dinner Set,Home & Kitchen,Dinner Set,P&G,23253,14378.04,3.2,2025-01-08 03:32:04
163,Puma Comic Book,Books,Comic Book,Puma,1931,1138.27,3.42,2025-04-29 11:33:10
164,Himalaya Thermos,Home & Kitchen,Thermos,Himalaya,12018,7080.55,2.53,2024-10-19 19:51:49
165,Dabur Dal,Groceries,Dal,Dabur,501,288.25,2.96,2024-08-28 18:20:37
166,P&G Yoga Mat,Sports,Yoga Mat,P&G,9265,3872.73,4.3,2024-10-19 06:53:39
167,H&M Cricket Bat,Sports,Cricket Bat,H&M,2088,1237.21,0.25,2025-05-09 10:41:04
168,Samsung Oil,Groceries,Oil,Samsung,1487,740.83,1.04,2024-10-21 06:07:49
169,CG Soap,Health & Beauty,Soap,CG,2036,1399.99,1.34,2024-09-24 05:57:16
170,P&G Dal,Groceries,Dal,P&G,1322,769.88,0.88,2025-02-01 10:16:34
171,Adidas Textbook,Books,Textbook,Adidas,1087,463.83,2.73,2025-01-04 05:52:10
172,Himalaya Kurta,Fashion,Kurta,Himalaya,6014,2989.49,2.64,2025-01-28 16:20:53
173,Zara Dal,Groceries,Dal,Zara,1086,578.93,3.99,2025-02-09 03:23:20
174,H&M Curtain,Home & Kitchen,Curtain,H&M,8600,4024.28,3.7,2024-09-26 22:13:28
175,Dell Speaker,Electronics,Speaker,Dell,139790,77520.52,0.97,2024-12-31 07:41:39
176,Dell Magazine,Books,Magazine,Dell,1307,584.7,3.07,2024-07-10 15:05:14
177,Bajaj Toothpaste,Health & Beauty,Toothpaste,Bajaj,1000,611.38,3.92,2024-07-11 13:48:28
178,Puma Toothpaste,Health & Beauty,Toothpaste,Puma,608,307.67,2.69,2025-04-29 05:41:45
179,Adidas Camera,Electronics,Camera,Adidas,140246,72443.97,2.99,2025-03-31 03:10:20
180,Zara Rice Cooker,Home & Kitchen,Rice Cooker,Zara,11410,7202.6,2.39,2024-11-23 13:42:02
181,Local Brand Noodles,Groceries,Noodles,Local Brand,954,577.25,0.63,2025-01-03 23:14:53
182,Adidas Charger,Electronics,Charger,Adidas,101575,62108.27,3.05,2024-12-20 22:30:34
183,Dell Shampoo,Health & Beauty,Shampoo,Dell,756,449.06,0.64,2025-06-15 22:26:48
184,Puma Perfume,Health & Beauty,Perfume,Puma,736,338.16,3.53,2025-02-14 11:21:16
185,Zara Perfume,Health & Beauty,Perfume,Zara,2699,1214.89,1.06,2025-02-24 13:47:11
186,Dabur Headphones,Electronics,Headphones,Dabur,35569,20164.41,0.53,2024-07-18 13:37:32
187,Xiaomi Shampoo,Health & Beauty,Shampoo,Xiaomi,444,224.58,1.45,2024-07-14 16:29:26
188,P&G Tea,Groceries,Tea,P&G,181,103.39,4.03,2024-08-03 07:10:37
189,CG Charger,Electronics,Charger,CG,55951,32072.85,2.38,2024-07-01 11:18:30
190,Sony Jeans,Fashion,Jeans,Sony,8826,3590.13,0.87,2025-03-10 00:04:59
191,Bajaj Oil,Groceries,Oil,Bajaj,143,93.33,0.12,2024-12-12 11:27:33
192,Local Brand Shoes,Fashion,Shoes,Local Brand,6617,3365.92,0.27,2024-07-08 08:25:06
193,HP Soap,Health & Beauty,Soap,HP,309,186.58,4.32,2024-07-26 11:51:34
194,CG Power Bank,Electronics,Power Bank,CG,119286,74600.5,0.28,2024-12-05 18:00:22
195,Zara Dictionary,Books,Dictionary,Zara,889,508.62,3.9,2025-03-26 02:48:46
196,Generic Pressure Cooker,Home & Kitchen,Pressure Cooker,Generic,5637,2829.13,2.66,2025-04-25 21:01:14
197,Unilever Badminton Racket,Sports,Badminton Racket,Unilever,990,562.73,4.36,2024-08-08 01:45:58
198,Sony Biscuits,Groceries,Biscuits,Sony,1277,648.11,0.85,2024-09-19 07:25:19
199,LG Shoes,Fashion,Shoes,LG,4578,1857.23,3.9,2024-12-28 13:42:21
200,Sony Makeup Kit,Health & Beauty,Makeup Kit,Sony,1606,1083.28,1.41,2025-01-31 05:38:52
201,Puma Novel,Books,Novel,Puma,896,531.07,2.94,2025-05-02 12:17:10
202,Samsung Magazine,Books,Magazine,Samsung,306,151.2,2.02,2025-03-01 13:44:58
203,Unilever Badminton Racket,Sports,Badminton Racket,Unilever,10491,5637.6,0.15,2025-01-08 06:32:27
204,CG T-Shirt,Fashion,T-Shirt,CG,1365,852.37,0.59,2024-11-08 19:51:21
205,Zara Pressure Cooker,Home & Kitchen,Pressure Cooker,Zara,21396,8754.38,4.93,2025-01-02 15:26:00
206,Bajaj Rice Cooker,Home & Kitchen,Rice Cooker,Bajaj,5613,3307.66,1.36,2024-10-12 03:33:02
207,H&M Toothpaste,Health & Beauty,Toothpaste,H&M,2750,1586.93,0.55,2024-11-06 21:22:36
208,Apple Yoga Mat,Sports,Yoga Mat,Apple,5753,3689.87,3.74,2025-03-22 17:23:48
209,P&G Cricket Bat,Sports,Cricket Bat,P&G,10147,6665.09,4.68,2024-10-17 12:25:15
210,Zara Camera,Electronics,Camera,Zara,33984,18004.24,0.27,2025-01-30 05:43:57
211,Apple Curtain,Home & Kitchen,Curtain,Apple,8384,3479.22,3.31,2024-10-31 20:15:01
212,Sony Thermos,Home & Kitchen,Thermos,Sony,10834,7460.78,1.11,2025-02-26 04:17:23
213,HP Textbook,Books,Textbook,HP,276,168.98,4.37,2024-12-10 23:33:55
214,Generic Camera,Electronics,Camera,Generic,34001,17309.79,1.59,2024-09-13 18:09:03
215,P&G Novel,Books,Novel,P&G,575,353.31,4.38,2024-07-11 07:21:55
216,H&M Pressure Cooker,Home & Kitchen,Pressure Cooker,H&M,9015,6029.09,4.04,2025-02-02 15:51:02
217,Local Brand Magazine,Books,Magazine,Local Brand,254,139.06,4.31,2025-03-02 23:07:52
218,Zara Jeans,Fashion,Jeans,Zara,9526,5568.57,0.99,2024-09-22 15:42:09
219,Goldstar Magazine,Books,Magazine,Goldstar,1886,1279.4,3.86,2025-05-20 11:35:41
220,Samsung Running Shoes,Sports,Running Shoes,Samsung,10157,5811.24,2.65,2025-03-27 14:07:11
221,Goldstar Perfume,Health & Beauty,Perfume,Goldstar,1877,1039.42,1.69,2025-05-05 07:04:02
222,Zara Camera,Electronics,Camera,Zara,71897,28797.56,3.15,2024-07-03 15:25:42
223,HP Cricket Bat,Sports,Cricket Bat,HP,7793,5174.74,1.44,2024-10-08 19:00:37
224,Nike Yoga Mat,Sports,Yoga Mat,Nike,5467,3425.11,1.57,2025-06-19 07:18:16
225,Puma Kurta,Fashion,Kurta,Puma,3794,2369.37,1.77,2024-10-31 22:23:48
226,Dell Oil,Groceries,Oil,Dell,798,331.62,2.63,2025-02-02 11:40:17
227,Samsung Cricket Bat,Sports,Cricket Bat,Samsung,3112,1407.3,2.89,2025-02-19 02:36:05
228,Dell Dinner Set,Home & Kitchen,Dinner Set,Dell,23684,11848.76,2.96,2024-10-02 16:38:31
229,LG Dinner Set,Home & Kitchen,Dinner Set,LG,16096,8112.95,2.48,2024-09-03 14:38:42
230,Adidas Blender,Home & Kitchen,Blender,Adidas,21558,12768.16,1.02,2024-10-28 08:08:06
231,Bajaj Tea,Groceries,Tea,Bajaj,1413,598.59,0.56,2024-10-12 23:02:32
232,Xiaomi Soap,Health & Beauty,Soap,Xiaomi,2161,1390.53,4.6,2024-07-05 08:25:50
233,Nike Rice,Groceries,Rice,Nike,1148,627.74,1.7,2024-10-11 20:09:51
234,Xiaomi Running Shoes,Sports,Running Shoes,Xiaomi,6855,2871.58,4.16,2024-08-30 22:13:11
235,P&G Speaker,Electronics,Speaker,P&G,13964,6648.87,2.24,2025-04-30 12:07:05
236,Himalaya Tea,Groceries,Tea,Himalaya,882,487.01,3.38,2025-06-15 07:01:46
237,Goldstar Mobile Phone,Electronics,Mobile Phone,Goldstar,112250,63772.61,4.65,2025-02-27 21:48:06
238,Dell Badminton Racket,Sports,Badminton Racket,Dell,8255,4562.41,0.1,2025-02-14 01:42:54
239,CG Oil,Groceries,Oil,CG,914,461.14,2.25,2025-02-04 15:18:17
240,Sony Perfume,Health & Beauty,Perfume,Sony,1694,996.18,3.64,2025-04-23 16:05:50
241,Panasonic Rice,Groceries,Rice,Panasonic,1264,591.04,3.03,2025-02-23 12:12:12
242,Zara Charger,Electronics,Charger,Zara,118018,68386.19,2.58,2025-01-31 23:11:52
243,LG Mobile Phone,Electronics,Mobile Phone,LG,98541,49589.05,2.52,2024-11-14 12:06:31
244,Xiaomi Curtain,Home & Kitchen,Curtain,Xiaomi,24392,12608.17,2.87,2025-04-09 23:44:54
245,CG Football,Sports,Football,CG,8425,5813.63,1.64,2025-05-03 04:04:54
246,P&G Biscuits,Groceries,Biscuits,P&G,74,29.84,3.78,2024-11-30 20:49:17
247,Zara Noodles,Groceries,Noodles,Zara,1019,656.11,3.14,2024-10-01 21:58:58
248,Generic Mobile Phone,Electronics,Mobile Phone,Generic,115028,68295.05,4.46,2024-09-17 21:00:01
249,Bajaj Novel,Books,Novel,Bajaj,1298,776.5,1.47,2025-04-20 08:27:07
250,CG Tea,Groceries,Tea,CG,994,494.27,2.26,2025-03-11 16:14:37
251,H&M Mobile Phone,Electronics,Mobile Phone,H&M,137825,80207.36,1.9,2024-11-15 00:29:18
252,Nike Kurta,Fashion,Kurta,Nike,9987,4107.63,0.94,2025-03-28 08:34:10
253,Generic Cricket Bat,Sports,Cricket Bat,Generic,5404,2687.58,1.21,2025-06-06 16:26:59
254,Goldstar Cricket Bat,Sports,Cricket Bat,Goldstar,11928,8154.41,1.15,2025-01-14 03:46:51
255,Apple Yoga Mat,Sports,Yoga Mat,Apple,6458,2605.69,2.04,2025-02-15 11:04:12
256,Apple Laptop,Electronics,Laptop,Apple,145495,99023.63,0.75,2024-12-24 23:29:38
257,Panasonic Speaker,Electronics,Speaker,Panasonic,11527,5232.22,3.77,2025-02-25 09:21:55
258,Puma Oil,Groceries,Oil,Puma,584,350.11,4.56,2025-03-13 22:55:36
259,HP Badminton Racket,Sports,Badminton Racket,HP,6836,3897.88,3.73,2024-11-09 04:54:47
260,Xiaomi Charger,Electronics,Charger,Xiaomi,10253,7090.19,2.74,2024-11-16 13:33:24
261,Zara Novel,Books,Novel,Zara,734,436.16,3.8,2025-05-26 11:24:06
262,Adidas Tea,Groceries,Tea,Adidas,1221,743.53,1.45,2024-10-11 23:14:55
263,Nike Thermos,Home & Kitchen,Thermos,Nike,14140,7209.99,4.58,2025-04-05 02:41:28
264,Xiaomi Dictionary,Books,Dictionary,Xiaomi,619,351.99,4.85,2024-08-06 14:37:13
265,H&M Magazine,Books,Magazine,H&M,643,284.47,4.08,2025-05-17 05:07:44
266,Adidas Rice Cooker,Home & Kitchen,Rice Cooker,Adidas,6654,2970.14,1.29,2025-04-28 02:37:08
267,Zara Rice,Groceries,Rice,Zara,684,421.95,2.62,2025-02-23 08:07:15
268,Puma Blender,Home & Kitchen,Blender,Puma,21818,14246.34,2.55,2024-07-20 11:31:31
269,Nike Makeup Kit,Health & Beauty,Makeup Kit,Nike,2939,1713.16,3.37,2025-03-27 18:50:07
270,Dell Jeans,Fashion,Jeans,Dell,9491,6284.95,2.31,2025-06-09 00:53:15
271,Goldstar Spices,Groceries,Spices,Goldstar,452,306.99,0.21,2024-12-06 02:17:09
272,LG Novel,Books,Novel,LG,1588,651.39,3.82,2024-07-03 01:50:47
273,Himalaya Power Bank,Electronics,Power Bank,Himalaya,145745,62781.48,2.2,2025-02-18 13:04:08
274,Generic Cricket Bat,Sports,Cricket Bat,Generic,6599,4102.94,3.28,2025-02-24 03:58:01
275,Nike Textbook,Books,Textbook,Nike,671,384.97,0.47,2024-08-18 18:29:50
276,Dabur Bag,Fashion,Bag,Dabur,6148,3109.5,4.44,2024-09-08 16:12:24
277,Samsung Shampoo,Health & Beauty,Shampoo,Samsung,1545,732.28,0.28,2024-12-06 16:44:01
278,H&M Comic Book,Books,Comic Book,H&M,1228,815.86,2.07,2024-07-08 11:23:33
279,Local Brand Yoga Mat,Sports,Yoga Mat,Local Brand,11947,7195.48,4.16,2024-09-19 17:06:20
280,CG Cricket Bat,Sports,Cricket Bat,CG,6572,4144.51,3.13,2024-12-05 12:19:28
281,P&G Rice,Groceries,Rice,P&G,788,526.16,3.81,2024-12-21 11:30:39
282,HP Rice,Groceries,Rice,HP,660,375.93,1.86,2024-12-15 01:12:51
283,CG Face Cream,Health & Beauty,Face Cream,CG,2035,942.34,0.67,2025-03-04 15:35:23
284,Puma Face Cream,Health & Beauty,Face Cream,Puma,2946,1370.58,4.38,2025-03-04 05:29:07
285,Generic Face Cream,Health & Beauty,Face Cream,Generic,1531,742.87,2.68,2025-05-27 17:34:27
286,Dell Comic Book,Books,Comic Book,Dell,1582,647.32,4.16,2024-10-04 16:11:52
287,Sony Cricket Bat,Sports,Cricket Bat,Sony,2577,1058.92,3.92,2025-02-03 19:48:28
288,Puma Bag,Fashion,Bag,Puma,6282,2666.34,2.71,2025-05-13 17:57:57
289,Adidas Face Cream,Health & Beauty,Face Cream,Adidas,2520,1618.35,3.26,2024-07-12 07:56:08
290,H&M Cricket Bat,Sports,Cricket Bat,H&M,5793,3171.05,0.71,2024-07-31 13:53:50
291,Xiaomi Saree,Fashion,Saree,Xiaomi,3651,1851.17,1.32,2025-04-20 00:04:13
292,H&M Toothpaste,Health & Beauty,Toothpaste,H&M,1699,787.66,1.23,2024-10-31 06:17:46
293,Puma Rice Cooker,Home & Kitchen,Rice Cooker,Puma,20540,8661.71,4.33,2024-07-14 01:02:53
294,LG Yoga Mat,Sports,Yoga Mat,LG,3225,1770.83,2.74,2025-03-31 10:21:10
295,Xiaomi Kurta,Fashion,Kurta,Xiaomi,13425,9136.85,3.15,2024-07-19 17:42:51
296,Dabur Pressure Cooker,Home & Kitchen,Pressure Cooker,Dabur,24400,11639.84,3.32,2024-07-25 22:17:56
297,Dabur Curtain,Home & Kitchen,Curtain,Dabur,23255,15885.86,1.39,2024-11-23 06:21:57
298,Adidas T-Shirt,Fashion,T-Shirt,Adidas,1496,603.66,1.04,2025-05-02 03:09:40
299,Samsung Curtain,Home & Kitchen,Curtain,Samsung,19511,8001.06,3.13,2024-11-25 04:20:50
300,HP T-Shirt,Fashion,T-Shirt,HP,7351,4855.43,4.71,2024-07-30 19:23:14
301,Puma Biscuits,Groceries,Biscuits,Puma,1454,672.51,0.9,2025-06-20 13:50:52
302,Local Brand Rice,Groceries,Rice,Local Brand,75,43.57,4.88,2025-05-13 01:53:31
303,Apple Running Shoes,Sports,Running Shoes,Apple,5943,2771.6,1.39,2024-08-22 15:49:23
304,Himalaya Badminton Racket,Sports,Badminton Racket,Himalaya,3529,2338.86,0.25,2025-03-18 02:36:24
305,Generic Mobile Phone,Electronics,Mobile Phone,Generic,57102,26775.92,2.33,2025-04-05 05:25:38
306,Adidas Cricket Bat,Sports,Cricket Bat,Adidas,9688,6573.32,1.7,2024-10-13 01:25:04
307,Dabur T-Shirt,Fashion,T-Shirt,Dabur,9485,4154.28,4.94,2025-02-25 22:28:14
308,P&G Magazine,Books,Magazine,P&G,1584,980.08,0.5,2025-02-15 18:50:31
309,Apple Saree,Fashion,Saree,Apple,9612,5273.06,0.74,2024-07-16 19:15:48
310,Bajaj Soap,Health & Beauty,Soap,Bajaj,624,298.1,0.57,2025-02-22 04:30:49
311,LG Spices,Groceries,Spices,LG,640,348.09,0.21,2024-12-31 19:33:31
312,Xiaomi Yoga Mat,Sports,Yoga Mat,Xiaomi,6772,4505.52,0.17,2025-06-05 05:51:07
313,Adidas Speaker,Electronics,Speaker,Adidas,131317,57588.83,0.63,2024-11-21 01:44:23
314,LG Badminton Racket,Sports,Badminton Racket,LG,6238,3483.67,1.5,2024-12-13 11:33:13
315,H&M Sandals,Fashion,Sandals,H&M,7246,3093.12,1.63,2024-11-07 11:54:24
316,Dell Comic Book,Books,Comic Book,Dell,1874,1204.26,1.6,2025-06-05 09:19:31
317,P&G Mobile Phone,Electronics,Mobile Phone,P&G,120492,83610.83,4.82,2024-07-23 20:09:04
318,Panasonic Perfume,Health & Beauty,Perfume,Panasonic,1887,915.65,4.99,2025-02-05 01:52:50
319,H&M T-Shirt,Fashion,T-Shirt,H&M,14093,6451.76,1.0,2024-07-04 09:21:03
320,CG Watch,Fashion,Watch,CG,10354,4612.15,4.9,2024-07-22 20:08:33
321,Goldstar Rice,Groceries,Rice,Goldstar,238,134.44,1.37,2024-09-05 03:24:32
322,Xiaomi Perfume,Health & Beauty,Perfume,Xiaomi,2203,1309.16,2.16,2025-05-24 15:37:56
323,Local Brand Rice,Groceries,Rice,Local Brand,1150,572.12,0.41,2025-05-19 21:27:28
324,Apple Charger,Electronics,Charger,Apple,98593,55573.21,4.83,2024-07-06 02:18:16
325,Goldstar Shampoo,Health & Beauty,Shampoo,Goldstar,1126,470.04,4.28,2024-12-27 07:25:23
326,P&G Kurta,Fashion,Kurta,P&G,4833,2688.62,2.23,2024-11-07 13:52:30
327,Unilever Thermos,Home & Kitchen,Thermos,Unilever,24212,12797.07,4.09,2024-09-27 22:23:22
328,CG Curtain,Home & Kitchen,Curtain,CG,23110,9337.68,3.27,2025-01-05 10:35:27
329,CG Camera,Electronics,Camera,CG,42061,20660.96,0.56,2025-01-23 08:11:22
330,Sony Magazine,Books,Magazine,Sony,856,487.31,3.2,2024-12-30 01:34:50
331,Bajaj Perfume,Health & Beauty,Perfume,Bajaj,2003,903.4,3.76,2025-02-06 16:05:50
332,Bajaj Headphones,Electronics,Headphones,Bajaj,37844,23916.92,4.44,2025-06-11 13:27:29
333,LG Laptop,Electronics,Laptop,LG,118602,58580.66,1.49,2024-12-15 12:53:48
334,Xiaomi Kurta,Fashion,Kurta,Xiaomi,826,508.53,2.35,2025-06-03 20:48:30
335,Bajaj Football,Sports,Football,Bajaj,10132,6307.5,1.16,2024-12-21 05:48:53
336,Himalaya Noodles,Groceries,Noodles,Himalaya,1160,677.76,0.87,2025-05-27 19:40:33
337,H&M Dictionary,Books,Dictionary,H&M,1737,934.58,0.13,2024-12-20 12:39:37
338,Unilever Shampoo,Health & Beauty,Shampoo,Unilever,1569,632.12,4.95,2025-04-22 22:29:55
339,LG Yoga Mat,Sports,Yoga Mat,LG,6236,4289.68,2.26,2024-10-01 18:37:34
340,Zara Dal,Groceries,Dal,Zara,280,121.26,3.63,2025-02-16 02:13:39
341,Dell Dictionary,Books,Dictionary,Dell,1067,609.22,3.2,2024-07-05 12:26:57
342,Puma Biscuits,Groceries,Biscuits,Puma,1281,541.3,0.66,2025-05-27 18:00:09
343,Nike Cricket Bat,Sports,Cricket Bat,Nike,10123,6597.73,4.87,2025-06-10 09:33:48
344,Dell Running Shoes,Sports,Running Shoes,Dell,4900,3224.8,1.38,2025-03-18 02:42:07
345,Apple Yoga Mat,Sports,Yoga Mat,Apple,5548,3133.43,0.58,2025-03-24 12:04:32
346,Zara T-Shirt,Fashion,T-Shirt,Zara,13358,7259.55,3.41,2025-03-23 18:17:29
347,Dell Power Bank,Electronics,Power Bank,Dell,48771,24301.06,3.92,2025-06-15 06:14:35
348,Samsung Comic Book,Books,Comic Book,Samsung,1276,852.0,4.42,2025-04-06 07:13:19
349,CG Thermos,Home & Kitchen,Thermos,CG,20530,10364.93,0.35,2025-01-25 18:27:23
350,Local Brand Power Bank,Electronics,Power Bank,Local Brand,68534,37334.28,3.61,2024-09-16 00:05:56
351,Nike Jeans,Fashion,Jeans,Nike,14692,6710.9,0.2,2024-09-04 22:23:47
352,LG Novel,Books,Novel,LG,618,369.28,2.6,2025-03-31 15:24:18
353,Zara Dictionary,Books,Dictionary,Zara,1581,952.72,2.05,2024-09-29 09:00:40
354,Goldstar Comic Book,Books,Comic Book,Goldstar,245,124.17,1.2,2025-03-17 11:22:38
355,Puma Curtain,Home & Kitchen,Curtain,Puma,19423,9219.18,2.38,2024-07-05 23:12:33
356,Dabur Power Bank,Electronics,Power Bank,Dabur,129935,70997.95,0.42,2025-02-06 01:26:55
357,Apple Bag,Fashion,Bag,Apple,3849,2153.58,0.95,2024-07-28 23:35:42
358,H&M Jeans,Fashion,Jeans,H&M,4663,2061.47,0.49,2025-03-04 11:14:48
359,Unilever Spices,Groceries,Spices,Unilever,566,357.53,4.56,2024-10-14 09:52:57
360,Apple Mobile Phone,Electronics,Mobile Phone,Apple,149331,75551.33,4.95,2025-06-14 08:39:04
361,Dell Thermos,Home & Kitchen,Thermos,Dell,7228,4270.51,0.22,2025-03-09 20:42:51
362,Panasonic Thermos,Home & Kitchen,Thermos,Panasonic,12452,8374.24,0.14,2025-03-09 11:18:00
363,P&G Football,Sports,Football,P&G,5752,2821.45,3.1,2024-08-05 19:43:02
364,Local Brand Yoga Mat,Sports,Yoga Mat,Local Brand,10366,5985.41,3.72,2024-09-15 13:50:00
365,Dabur Magazine,Books,Magazine,Dabur,434,262.15,3.19,2024-10-05 17:01:59
366,P&G Shoes,Fashion,Shoes,P&G,13220,6255.3,3.7,2024-08-13 10:32:58
367,Goldstar Face Cream,Health & Beauty,Face Cream,Goldstar,707,389.82,0.13,2025-01-12 12:11:28
368,HP Perfume,Health & Beauty,Perfume,HP,1579,940.94,4.77,2024-07-13 09:55:20
369,Apple Dictionary,Books,Dictionary,Apple,1780,953.16,1.15,2025-03-19 07:04:14
370,Apple Rice Cooker,Home & Kitchen,Rice Cooker,Apple,9094,4627.67,4.38,2025-06-12 00:00:34
371,Himalaya Speaker,Electronics,Speaker,Himalaya,147833,79731.28,1.69,2024-12-15 22:26:57
372,Apple Textbook,Books,Textbook,Apple,1261,516.22,1.98,2024-08-17 22:35:15
373,Adidas Face Cream,Health & Beauty,Face Cream,Adidas,2768,1453.34,0.83,2024-09-26 03:44:39
374,Zara Dinner Set,Home & Kitchen,Dinner Set,Zara,1709,946.31,3.71,2025-03-14 15:47:47
375,Himalaya Textbook,Books,Textbook,Himalaya,1854,847.38,3.94,2024-09-28 19:50:41
376,P&G Speaker,Electronics,Speaker,P&G,147254,66397.3,4.75,2025-03-25 01:37:50
377,Bajaj Yoga Mat,Sports,Yoga Mat,Bajaj,8809,3899.95,0.62,2025-05-26 23:40:02
378,Bajaj Rice Cooker,Home & Kitchen,Rice Cooker,Bajaj,15607,9375.07,3.23,2025-01-17 20:33:15
379,Samsung Soap,Health & Beauty,Soap,Samsung,675,423.12,2.13,2024-07-02 16:02:21
380,Apple Thermos,Home & Kitchen,Thermos,Apple,17914,10099.86,0.57,2025-01-04 19:54:42
381,LG Mobile Phone,Electronics,Mobile Phone,LG,148430,101524.2,3.84,2024-09-23 10:25:03
382,Bajaj Laptop,Electronics,Laptop,Bajaj,44543,30089.39,1.69,2025-01-10 19:08:30
383,Goldstar Dal,Groceries,Dal,Goldstar,410,172.7,3.06,2025-01-28 08:37:39
384,Zara Running Shoes,Sports,Running Shoes,Zara,1008,433.89,2.87,2024-09-27 22:02:07
385,H&M Badminton Racket,Sports,Badminton Racket,H&M,4180,2091.14,0.65,2025-02-03 06:07:29
386,Apple Kurta,Fashion,Kurta,Apple,873,412.47,0.89,2025-03-12 12:27:48
387,Adidas Badminton Racket,Sports,Badminton Racket,Adidas,8801,3608.9,0.49,2025-03-09 22:55:20
388,Puma Watch,Fashion,Watch,Puma,8046,5153.92,0.38,2025-02-05 04:16:42
389,Dabur Thermos,Home & Kitchen,Thermos,Dabur,11957,7248.54,4.48,2025-04-26 21:04:19
390,Apple Textbook,Books,Textbook,Apple,1295,565.48,1.83,2024-10-08 03:32:48
391,HP Noodles,Groceries,Noodles,HP,954,447.73,2.09,2025-02-26 06:40:50
392,HP Makeup Kit,Health & Beauty,Makeup Kit,HP,2337,1203.86,2.37,2025-02-21 10:56:39
393,Bajaj Laptop,Electronics,Laptop,Bajaj,30400,13269.16,0.48,2025-01-01 02:38:50
394,H&M Shampoo,Health & Beauty,Shampoo,H&M,2813,1128.41,1.37,2024-09-22 06:42:08
395,LG Comic Book,Books,Comic Book,LG,944,506.5,2.42,2025-01-17 02:01:08
396,LG Oil,Groceries,Oil,LG,96,43.12,1.7,2024-12-08 12:03:24
397,LG Face Cream,Health & Beauty,Face Cream,LG,2932,1421.88,1.76,2024-10-21 12:47:12
398,P&G Makeup Kit,Health & Beauty,Makeup Kit,P&G,1451,909.4,2.86,2025-02-12 05:36:13
399,Dell Football,Sports,Football,Dell,4400,2436.43,2.59,2024-11-22 23:35:54
400,Bajaj Dal,Groceries,Dal,Bajaj,285,189.54,4.39,2024-10-14 20:57:51
401,Samsung Perfume,Health & Beauty,Perfume,Samsung,2249,1448.45,4.84,2024-10-09 16:48:52
402,Adidas Shampoo,Health & Beauty,Shampoo,Adidas,1311,844.86,4.72,2024-07-25 07:10:34
403,CG Running Shoes,Sports,Running Shoes,CG,9103,5633.75,2.54,2024-11-17 23:42:31
404,P&G Laptop,Electronics,Laptop,P&G,144448,67889.83,0.6,2025-05-10 11:20:00
405,H&M Thermos,Home & Kitchen,Thermos,H&M,23048,13290.22,2.08,2025-06-10 16:44:27
406,Bajaj Noodles,Groceries,Noodles,Bajaj,1470,1010.25,0.98,2024-12-30 06:31:48
407,Nike Comic Book,Books,Comic Book,Nike,1856,808.49,3.56,2024-08-18 12:08:10
408,P&G Laptop,Electronics,Laptop,P&G,68150,27305.86,1.66,2024-08-11 02:09:34
409,Sony Oil,Groceries,Oil,Sony,253,134.96,1.4,2025-04-09 14:38:29
410,Sony Cricket Bat,Sports,Cricket Bat,Sony,3857,2365.07,0.35,2024-12-21 10:31:46
411,H&M Magazine,Books,Magazine,H&M,1073,618.43,1.29,2024-11-08 16:35:09
412,Puma Soap,Health & Beauty,Soap,Puma,1245,844.3,1.43,2025-01-17 13:00:32
413,Unilever Dictionary,Books,Dictionary,Unilever,1808,883.5,3.17,2025-03-16 23:55:37
414,P&G Face Cream,Health & Beauty,Face Cream,P&G,1959,1155.71,1.43,2025-02-01 22:23:26
415,Apple Dinner Set,Home & Kitchen,Dinner Set,Apple,12765,8799.58,1.99,2024-12-02 14:10:26
416,Local Brand Magazine,Books,Magazine,Local Brand,459,295.08,2.14,2024-07-17 18:39:56
417,Sony Thermos,Home & Kitchen,Thermos,Sony,17686,12268.49,3.63,2024-07-01 07:16:42
418,Xiaomi Badminton Racket,Sports,Badminton Racket,Xiaomi,10850,6080.0,1.76,2024-11-14 12:49:32
419,Nike Pressure Cooker,Home & Kitchen,Pressure Cooker,Nike,12081,7125.92,0.67,2025-06-06 15:48:46
420,Panasonic Noodles,Groceries,Noodles,Panasonic,290,159.55,0.53,2025-04-22 11:17:49
421,Local Brand Saree,Fashion,Saree,Local Brand,11678,6244.46,2.65,2025-01-03 21:37:47
422,Himalaya Football,Sports,Football,Himalaya,9572,4298.5,2.3,2024-12-17 04:47:45
423,Dabur Curtain,Home & Kitchen,Curtain,Dabur,12651,5349.38,3.83,2025-04-07 11:06:55
424,Unilever Power Bank,Electronics,Power Bank,Unilever,27367,13623.59,4.71,2024-10-31 12:18:35
425,Nike Rice Cooker,Home & Kitchen,Rice Cooker,Nike,16803,11705.49,4.44,2024-11-07 02:39:44
426,Puma Sandals,Fashion,Sandals,Puma,6522,4341.24,1.25,2025-04-29 07:26:38
427,Xiaomi Kurta,Fashion,Kurta,Xiaomi,11250,7076.15,2.8,2025-06-08 21:36:25
428,Himalaya Soap,Health & Beauty,Soap,Himalaya,1438,967.37,0.76,2024-10-16 06:00:01
429,Puma Face Cream,Health & Beauty,Face Cream,Puma,1682,1062.35,1.61,2024-07-12 05:00:07
430,Generic Headphones,Electronics,Headphones,Generic,75225,34414.75,1.36,2024-12-07 05:30:48
431,Zara Toothpaste,Health & Beauty,Toothpaste,Zara,2019,905.81,4.93,2025-01-30 21:45:48
432,Dell Curtain,Home & Kitchen,Curtain,Dell,3639,2285.39,2.47,2024-08-15 21:48:07
433,Zara Blender,Home & Kitchen,Blender,Zara,21487,12917.74,3.2,2025-06-21 02:52:20
434,Zara Speaker,Electronics,Speaker,Zara,60078,35967.22,2.25,2024-10-20 16:29:07
435,Zara Curtain,Home & Kitchen,Curtain,Zara,15581,8050.6,2.65,2024-09-05 21:51:46
436,LG Magazine,Books,Magazine,LG,466,202.72,1.86,2025-04-09 18:25:03
437,Zara Curtain,Home & Kitchen,Curtain,Zara,22120,9790.55,3.29,2025-03-17 12:33:13
438,Puma Pressure Cooker,Home & Kitchen,Pressure Cooker,Puma,11490,7304.15,2.27,2024-08-01 05:56:52
439,Adidas Mobile Phone,Electronics,Mobile Phone,Adidas,87740,41524.48,1.34,2024-10-10 20:33:59
440,Himalaya Cricket Bat,Sports,Cricket Bat,Himalaya,883,427.64,1.29,2024-07-27 17:55:07
441,Nike Running Shoes,Sports,Running Shoes,Nike,5612,2609.47,3.99,2024-12-03 12:22:34
442,Dell Oil,Groceries,Oil,Dell,1318,704.51,3.67,2024-08-05 22:35:45
443,Samsung Curtain,Home & Kitchen,Curtain,Samsung,2496,1322.08,0.38,2025-03-09 19:56:53
444,Dabur Rice,Groceries,Rice,Dabur,929,515.1,1.41,2024-07-25 07:22:36
445,Dell Badminton Racket,Sports,Badminton Racket,Dell,3042,1757.29,4.44,2024-09-04 22:50:15
446,Puma Blender,Home & Kitchen,Blender,Puma,5024,3450.02,1.77,2024-09-24 15:44:52
447,Panasonic Curtain,Home & Kitchen,Curtain,Panasonic,5368,2486.82,4.47,2024-09-29 13:09:47
448,Sony Curtain,Home & Kitchen,Curtain,Sony,10117,5865.49,1.73,2025-04-25 12:24:26
449,Bajaj Makeup Kit,Health & Beauty,Makeup Kit,Bajaj,1771,883.29,3.36,2025-01-20 17:07:06
450,H&M Makeup Kit,Health & Beauty,Makeup Kit,H&M,2298,1398.34,4.67,2025-02-17 04:17:47
451,Himalaya Headphones,Electronics,Headphones,Himalaya,142995,95418.65,0.62,2025-05-24 11:42:19
452,Nike Soap,Health & Beauty,Soap,Nike,583,337.38,2.92,2024-07-30 17:52:40
453,P&G Dinner Set,Home & Kitchen,Dinner Set,P&G,3423,1859.03,4.21,2025-04-18 14:15:00
454,Zara Dinner Set,Home & Kitchen,Dinner Set,Zara,18482,9655.24,0.97,2025-04-25 02:09:59
455,H&M Sandals,Fashion,Sandals,H&M,10630,5523.8,1.62,2025-01-15 05:39:09
456,Bajaj Soap,Health & Beauty,Soap,Bajaj,1450,1014.65,4.24,2025-01-12 12:23:40
457,Generic Biscuits,Groceries,Biscuits,Generic,448,288.87,0.15,2024-07-15 01:59:22
458,Local Brand Badminton Racket,Sports,Badminton Racket,Local Brand,8326,4276.51,3.83,2024-12-06 10:36:23
459,Local Brand Speaker,Electronics,Speaker,Local Brand,61334,26952.27,3.97,2024-11-10 09:14:30
460,Dabur Face Cream,Health & Beauty,Face Cream,Dabur,1934,865.69,4.64,2025-01-15 17:55:50
461,Samsung Curtain,Home & Kitchen,Curtain,Samsung,21427,9279.93,2.22,2025-06-16 18:15:33
462,Local Brand Bag,Fashion,Bag,Local Brand,2564,1041.9,3.53,2024-07-16 18:11:24
463,Unilever Face Cream,Health & Beauty,Face Cream,Unilever,1481,781.5,4.01,2025-02-01 18:04:41
464,Xiaomi Cricket Bat,Sports,Cricket Bat,Xiaomi,6526,2857.46,1.59,2024-07-03 22:11:36
465,Goldstar Spices,Groceries,Spices,Goldstar,521,350.35,4.89,2024-11-02 14:22:29
466,Generic Perfume,Health & Beauty,Perfume,Generic,1908,779.99,2.33,2025-01-11 04:52:04
467,Himalaya Rice Cooker,Home & Kitchen,Rice Cooker,Himalaya,24492,13694.78,0.44,2025-06-21 16:48:41
468,Apple Camera,Electronics,Camera,Apple,131113,64647.17,1.53,2025-03-11 00:14:34
469,Nike Badminton Racket,Sports,Badminton Racket,Nike,4760,2579.2,4.11,2024-12-13 17:02:07
470,CG Cricket Bat,Sports,Cricket Bat,CG,5043,2223.65,1.87,2024-11-26 07:56:34
471,Bajaj Bag,Fashion,Bag,Bajaj,1514,730.96,0.52,2024-07-27 18:50:30
472,Sony Dal,Groceries,Dal,Sony,956,591.37,4.15,2025-01-26 10:35:27
473,Sony Biscuits,Groceries,Biscuits,Sony,1248,789.64,0.5,2024-09-04 23:05:29
474,Puma Rice Cooker,Home & Kitchen,Rice Cooker,Puma,6900,3389.28,0.55,2025-06-18 22:28:31
475,Dell Shoes,Fashion,Shoes,Dell,11128,6067.22,2.65,2024-10-09 14:35:01
476,Dell Spices,Groceries,Spices,Dell,524,255.47,1.78,2024-11-06 10:52:09
477,Apple Dictionary,Books,Dictionary,Apple,593,317.1,2.03,2024-12-24 03:20:16
478,Adidas Novel,Books,Novel,Adidas,515,324.79,3.28,2024-08-12 11:44:30
479,HP Magazine,Books,Magazine,HP,1097,702.46,2.97,2025-06-08 23:34:25
480,HP Rice,Groceries,Rice,HP,367,192.05,0.91,2025-01-26 12:22:24
481,Generic Charger,Electronics,Charger,Generic,107131,69556.57,1.08,2025-02-26 08:56:46
482,Unilever Blender,Home & Kitchen,Blender,Unilever,17778,10792.6,1.93,2024-08-01 11:59:59
483,Dabur Shoes,Fashion,Shoes,Dabur,14998,8104.32,4.42,2024-09-04 11:00:42
484,Adidas Dinner Set,Home & Kitchen,Dinner Set,Adidas,23340,14575.3,2.97,2025-06-25 06:42:38
485,P&G Novel,Books,Novel,P&G,362,211.24,1.54,2024-12-15 17:59:49
486,Panasonic Spices,Groceries,Spices,Panasonic,879,573.8,0.94,2025-03-20 21:18:19
487,Bajaj Kurta,Fashion,Kurta,Bajaj,13463,8045.95,4.56,2024-08-24 03:16:07
488,Goldstar Textbook,Books,Textbook,Goldstar,929,493.04,3.5,2025-04-21 02:34:57
489,Goldstar Pressure Cooker,Home & Kitchen,Pressure Cooker,Goldstar,16876,9268.43,1.67,2025-02-20 07:33:34
490,Apple Perfume,Health & Beauty,Perfume,Apple,2888,1705.73,2.4,2024-10-02 11:29:38
491,Apple Shoes,Fashion,Shoes,Apple,9926,4843.37,2.05,2024-09-11 03:21:12
492,Adidas Dal,Groceries,Dal,Adidas,247,98.95,3.74,2025-01-15 23:52:33
493,Samsung Saree,Fashion,Saree,Samsung,5268,2200.01,4.55,2025-02-19 13:34:51
494,Samsung Textbook,Books,Textbook,Samsung,1201,560.29,3.45,2025-04-13 09:10:24
495,Panasonic Watch,Fashion,Watch,Panasonic,8515,5798.65,2.21,2025-06-22 14:23:35
496,Adidas Oil,Groceries,Oil,Adidas,741,455.54,3.95,2024-07-25 20:19:00
497,Adidas Magazine,Books,Magazine,Adidas,1528,708.23,0.1,2024-09-14 13:37:26
498,Goldstar Rice Cooker,Home & Kitchen,Rice Cooker,Goldstar,24755,16221.26,3.11,2025-01-18 04:08:47
499,Goldstar Charger,Electronics,Charger,Goldstar,48302,27927.58,2.23,2025-03-20 10:33:22
500,Xiaomi Oil,Groceries,Oil,Xiaomi,108,61.69,2.81,2024-10-07 23:40:48
501,Sony Shampoo,Health & Beauty,Shampoo,Sony,495,235.13,4.58,2025-04-26 19:51:09
502,Local Brand Toothpaste,Health & Beauty,Toothpaste,Local Brand,2417,1044.08,3.64,2025-03-05 17:10:04
503,CG Sandals,Fashion,Sandals,CG,1740,786.23,4.06,2025-03-29 12:20:41
504,Unilever Curtain,Home & Kitchen,Curtain,Unilever,1256,832.11,2.59,2024-07-15 13:12:55
505,Puma Face Cream,Health & Beauty,Face Cream,Puma,2989,1460.4,4.18,2025-05-31 06:21:35
506,Goldstar Yoga Mat,Sports,Yoga Mat,Goldstar,4307,1865.06,0.16,2024-08-06 09:13:49
507,Nike Mobile Phone,Electronics,Mobile Phone,Nike,22707,10459.33,2.42,2025-04-17 13:41:28
508,Xiaomi Rice Cooker,Home & Kitchen,Rice Cooker,Xiaomi,14270,5984.65,2.09,2024-12-30 18:07:01
509,Goldstar Running Shoes,Sports,Running Shoes,Goldstar,9960,6125.32,4.45,2025-01-27 05:10:35
510,LG Pressure Cooker,Home & Kitchen,Pressure Cooker,LG,15788,9846.16,4.16,2024-09-04 08:36:51
511,Samsung Soap,Health & Beauty,Soap,Samsung,1136,728.89,2.53,2024-11-13 15:41:13
512,H&M Camera,Electronics,Camera,H&M,146037,64873.52,3.9,2024-10-23 09:34:58
513,Puma Curtain,Home & Kitchen,Curtain,Puma,6158,3547.38,4.24,2024-12-25 03:37:47
514,Samsung Magazine,Books,Magazine,Samsung,825,367.98,1.28,2025-03-03 07:37:52
515,Dell Saree,Fashion,Saree,Dell,770,512.06,4.44,2025-05-23 07:07:03
516,CG Textbook,Books,Textbook,CG,1960,1281.64,4.84,2024-12-19 14:34:27
517,Unilever Power Bank,Electronics,Power Bank,Unilever,105696,63973.65,0.61,2024-11-02 16:38:51
518,Himalaya Dinner Set,Home & Kitchen,Dinner Set,Himalaya,16715,9553.22,3.41,2025-06-09 14:10:41
519,Generic Mobile Phone,Electronics,Mobile Phone,Generic,127208,54737.78,4.79,2024-09-14 07:02:09
520,Apple Pressure Cooker,Home & Kitchen,Pressure Cooker,Apple,15146,9800.56,4.13,2025-01-19 04:20:42
521,LG Curtain,Home & Kitchen,Curtain,LG,22268,10008.18,4.78,2025-01-29 07:15:00
522,Puma Dinner Set,Home & Kitchen,Dinner Set,Puma,19489,12337.96,1.29,2024-10-03 23:04:27
523,CG Headphones,Electronics,Headphones,CG,35980,15860.55,2.65,2025-01-06 22:04:21
524,Samsung Perfume,Health & Beauty,Perfume,Samsung,622,356.7,2.91,2025-04-16 22:44:06
525,CG Magazine,Books,Magazine,CG,1536,669.27,1.72,2024-09-24 10:59:53
526,Samsung Rice,Groceries,Rice,Samsung,1081,475.59,3.87,2025-04-14 22:06:49
527,Sony Rice,Groceries,Rice,Sony,1135,626.74,1.52,2024-12-30 04:40:22
528,Adidas Toothpaste,Health & Beauty,Toothpaste,Adidas,2701,1846.71,1.3,2024-07-07 23:49:38
529,Panasonic Noodles,Groceries,Noodles,Panasonic,618,398.43,4.81,2024-08-07 01:01:53
530,Himalaya Biscuits,Groceries,Biscuits,Himalaya,220,102.94,0.89,2025-06-26 07:17:03
531,Samsung Camera,Electronics,Camera,Samsung,44651,27849.0,2.4,2025-03-07 19:23:03
532,Sony Football,Sports,Football,Sony,7861,5414.53,1.46,2024-10-09 17:55:51
533,Unilever Dictionary,Books,Dictionary,Unilever,1569,886.23,1.39,2024-09-06 14:01:00
534,Xiaomi Biscuits,Groceries,Biscuits,Xiaomi,74,51.3,0.69,2025-06-14 14:32:20
535,Zara Toothpaste,Health & Beauty,Toothpaste,Zara,692,345.97,1.32,2024-12-11 18:06:22
536,P&G Tea,Groceries,Tea,P&G,659,370.92,3.17,2024-07-12 02:56:37
537,Panasonic Kurta,Fashion,Kurta,Panasonic,9123,5193.16,2.75,2025-05-08 18:29:13
538,Dell Makeup Kit,Health & Beauty,Makeup Kit,Dell,2800,1180.96,0.41,2025-03-01 03:31:57
539,Samsung Spices,Groceries,Spices,Samsung,62,40.85,4.12,2024-12-04 07:49:09
540,CG Comic Book,Books,Comic Book,CG,1944,1036.84,2.72,2025-03-28 19:25:15
541,Nike Makeup Kit,Health & Beauty,Makeup Kit,Nike,2484,1221.82,4.95,2024-08-10 15:19:40
542,Panasonic Charger,Electronics,Charger,Panasonic,104130,69417.01,2.59,2024-09-13 07:50:07
543,Sony Noodles,Groceries,Noodles,Sony,922,640.24,0.89,2024-09-23 05:44:57
544,Goldstar Textbook,Books,Textbook,Goldstar,1354,786.4,0.59,2024-08-05 11:59:14
545,Panasonic Cricket Bat,Sports,Cricket Bat,Panasonic,5810,3043.92,1.73,2024-11-27 13:43:27
546,P&G Laptop,Electronics,Laptop,P&G,63618,30568.28,0.32,2024-08-07 23:40:35
547,H&M Toothpaste,Health & Beauty,Toothpaste,H&M,2958,1531.36,1.37,2025-03-13 06:20:22
548,Puma Thermos,Home & Kitchen,Thermos,Puma,13191,8487.44,3.77,2024-11-11 14:01:03
549,Goldstar Badminton Racket,Sports,Badminton Racket,Goldstar,11780,5604.79,4.92,2024-11-16 07:07:00
550,HP Speaker,Electronics,Speaker,HP,34515,22199.99,1.49,2025-04-11 00:38:38
551,Bajaj Comic Book,Books,Comic Book,Bajaj,422,190.01,0.29,2025-02-11 15:53:31
552,Adidas Oil,Groceries,Oil,Adidas,231,105.64,1.54,2025-05-29 05:56:28
553,P&G Headphones,Electronics,Headphones,P&G,10080,6186.06,4.82,2025-06-15 13:19:24
554,Unilever Dictionary,Books,Dictionary,Unilever,625,362.28,3.79,2025-04-30 13:58:15
555,Himalaya Soap,Health & Beauty,Soap,Himalaya,2279,1158.97,1.89,2024-08-18 14:29:05
556,Samsung Running Shoes,Sports,Running Shoes,Samsung,11366,6363.01,2.21,2025-05-01 22:33:15
557,Bajaj Soap,Health & Beauty,Soap,Bajaj,862,443.67,3.98,2025-05-31 11:31:27
558,P&G Toothpaste,Health & Beauty,Toothpaste,P&G,1900,1052.5,3.93,2024-08-26 09:50:55
559,Panasonic Makeup Kit,Health & Beauty,Makeup Kit,Panasonic,1910,779.33,1.81,2025-06-28 15:41:48
560,Xiaomi Face Cream,Health & Beauty,Face Cream,Xiaomi,2249,1138.86,2.84,2025-03-12 23:50:34
561,Apple Blender,Home & Kitchen,Blender,Apple,8634,4053.58,4.06,2024-10-10 17:19:32
562,Xiaomi Charger,Electronics,Charger,Xiaomi,99798,48272.06,4.59,2025-06-01 18:15:56
563,Dabur Face Cream,Health & Beauty,Face Cream,Dabur,2821,1643.03,3.37,2024-10-22 05:05:04
564,Himalaya Novel,Books,Novel,Himalaya,1852,1169.15,4.83,2024-10-18 09:58:22
565,Local Brand Novel,Books,Novel,Local Brand,647,282.72,3.27,2024-08-22 05:46:48
566,Panasonic Rice Cooker,Home & Kitchen,Rice Cooker,Panasonic,20221,13332.31,2.23,2025-01-15 00:50:03
567,Dell Novel,Books,Novel,Dell,953,642.17,4.54,2024-09-06 00:39:55
568,Panasonic Soap,Health & Beauty,Soap,Panasonic,2497,1679.2,0.87,2025-05-18 10:03:36
569,Adidas Dal,Groceries,Dal,Adidas,468,206.99,2.72,2025-04-01 19:59:01
570,Dabur Tea,Groceries,Tea,Dabur,821,343.15,0.78,2024-12-13 05:19:47
571,Dell Laptop,Electronics,Laptop,Dell,28371,12006.14,4.5,2024-09-03 04:07:01
572,Adidas Saree,Fashion,Saree,Adidas,13928,6996.04,1.04,2025-01-17 16:43:14
573,HP Charger,Electronics,Charger,HP,119253,69413.95,1.03,2025-05-02 21:52:09
574,Panasonic Blender,Home & Kitchen,Blender,Panasonic,9013,3686.08,0.21,2025-02-19 02:27:40
575,HP Comic Book,Books,Comic Book,HP,1035,415.26,1.37,2024-07-15 16:23:35
576,Panasonic Magazine,Books,Magazine,Panasonic,933,440.92,4.54,2025-04-08 03:01:31
577,Apple Biscuits,Groceries,Biscuits,Apple,126,74.59,4.44,2024-07-09 13:22:50
578,H&M Yoga Mat,Sports,Yoga Mat,H&M,3202,1619.51,2.78,2024-10-30 21:48:51
579,Nike Magazine,Books,Magazine,Nike,693,323.01,3.27,2024-08-09 06:09:13
580,H&M Charger,Electronics,Charger,H&M,109185,66965.67,4.48,2025-02-20 05:10:41
581,Nike Jeans,Fashion,Jeans,Nike,5067,3263.61,3.27,2024-11-10 08:07:26
582,Apple Spices,Groceries,Spices,Apple,180,87.96,1.5,2025-03-24 09:21:29
583,Panasonic Thermos,Home & Kitchen,Thermos,Panasonic,14485,7420.94,4.58,2025-05-05 10:15:10
584,H&M Blender,Home & Kitchen,Blender,H&M,9909,5347.17,3.49,2025-05-07 11:15:48
585,CG Pressure Cooker,Home & Kitchen,Pressure Cooker,CG,7617,4178.89,3.81,2025-03-15 04:23:46
586,Dell Dinner Set,Home & Kitchen,Dinner Set,Dell,15460,10239.43,1.26,2024-12-29 19:36:50
587,Xiaomi Badminton Racket,Sports,Badminton Racket,Xiaomi,8056,3504.45,4.07,2024-11-05 20:02:56
588,Apple Power Bank,Electronics,Power Bank,Apple,98606,47574.65,1.76,2024-10-05 11:01:15
589,Dell Pressure Cooker,Home & Kitchen,Pressure Cooker,Dell,16385,7512.23,3.41,2025-02-23 07:06:19
590,LG Headphones,Electronics,Headphones,LG,127323,66392.52,3.69,2025-02-22 16:29:40
591,Nike Yoga Mat,Sports,Yoga Mat,Nike,4982,3318.19,0.96,2025-01-12 10:03:43
592,H&M Camera,Electronics,Camera,H&M,115936,72054.76,1.36,2024-12-21 09:48:56
593,Local Brand Makeup Kit,Health & Beauty,Makeup Kit,Local Brand,617,418.19,4.76,2024-07-24 00:09:10
594,Sony Power Bank,Electronics,Power Bank,Sony,96085,61875.92,4.56,2024-11-22 19:01:33
595,Dell Dictionary,Books,Dictionary,Dell,926,586.41,2.66,2024-09-27 12:09:13
596,Apple Tea,Groceries,Tea,Apple,558,298.5,1.39,2025-03-29 13:25:16
597,Nike Laptop,Electronics,Laptop,Nike,66679,41973.13,0.21,2024-12-23 18:37:27
598,Adidas Comic Book,Books,Comic Book,Adidas,1876,1103.74,3.31,2025-04-22 21:52:43
599,Zara Curtain,Home & Kitchen,Curtain,Zara,19499,10290.51,0.28,2025-04-13 11:24:11
600,HP Oil,Groceries,Oil,HP,507,228.82,3.88,2025-06-27 18:37:21
601,Adidas Spices,Groceries,Spices,Adidas,437,263.37,0.21,2024-12-06 17:18:10
602,Puma T-Shirt,Fashion,T-Shirt,Puma,5000,3273.47,1.18,2024-11-26 04:24:11
603,Bajaj Football,Sports,Football,Bajaj,8637,5643.42,1.45,2025-05-31 05:21:10
604,Dabur Speaker,Electronics,Speaker,Dabur,137507,68946.25,4.58,2024-10-09 09:07:34
605,Himalaya Novel,Books,Novel,Himalaya,962,487.48,3.62,2024-07-18 08:02:06
606,Generic Comic Book,Books,Comic Book,Generic,1536,951.51,3.32,2024-09-22 02:42:27
607,Adidas Cricket Bat,Sports,Cricket Bat,Adidas,11164,6149.75,0.32,2024-12-21 04:07:55
608,Panasonic Tea,Groceries,Tea,Panasonic,696,288.78,4.27,2024-08-21 07:19:26
609,Apple Magazine,Books,Magazine,Apple,1022,581.09,4.53,2025-04-09 14:55:43
610,Dabur Perfume,Health & Beauty,Perfume,Dabur,1996,884.87,4.32,2025-04-07 07:12:34
611,LG Dictionary,Books,Dictionary,LG,1501,1031.1,4.18,2025-03-01 18:06:09
612,Himalaya Rice,Groceries,Rice,Himalaya,537,303.66,2.32,2025-01-13 23:58:41
613,Xiaomi Bag,Fashion,Bag,Xiaomi,10542,4921.47,2.34,2025-05-17 21:50:27
614,H&M Rice,Groceries,Rice,H&M,1142,460.05,3.09,2025-03-07 08:38:09
615,HP Magazine,Books,Magazine,HP,306,211.27,0.54,2024-09-12 02:40:08
616,Xiaomi Headphones,Electronics,Headphones,Xiaomi,74470,35797.56,2.19,2024-11-17 07:16:18
617,Zara Rice Cooker,Home & Kitchen,Rice Cooker,Zara,23327,15046.38,4.64,2024-12-02 16:36:05
618,Dabur Power Bank,Electronics,Power Bank,Dabur,40808,17867.5,1.14,2024-10-23 02:10:46
619,Unilever Shoes,Fashion,Shoes,Unilever,5271,2839.96,0.13,2025-06-10 19:39:40
620,H&M Blender,Home & Kitchen,Blender,H&M,7078,4216.21,4.34,2024-10-31 23:51:32
621,Himalaya Makeup Kit,Health & Beauty,Makeup Kit,Himalaya,643,268.89,2.61,2025-02-26 08:03:20
622,LG Shoes,Fashion,Shoes,LG,4544,2371.06,0.42,2025-02-03 03:55:02
623,P&G Soap,Health & Beauty,Soap,P&G,2112,1087.18,1.18,2025-06-11 09:27:46
624,Panasonic Soap,Health & Beauty,Soap,Panasonic,635,263.8,1.46,2025-01-27 07:50:28
625,P&G Charger,Electronics,Charger,P&G,123654,75400.94,2.95,2024-09-06 09:51:37
626,Nike T-Shirt,Fashion,T-Shirt,Nike,8391,5847.74,4.02,2025-01-12 21:24:34
627,Apple Yoga Mat,Sports,Yoga Mat,Apple,9168,5169.92,2.37,2024-11-25 20:41:40
628,LG Cricket Bat,Sports,Cricket Bat,LG,2671,1463.94,2.21,2024-11-12 23:28:49
629,Samsung Magazine,Books,Magazine,Samsung,1200,665.0,2.49,2025-02-24 05:22:17
630,Panasonic Sandals,Fashion,Sandals,Panasonic,11127,5939.13,0.75,2024-12-31 16:38:14
631,Bajaj Pressure Cooker,Home & Kitchen,Pressure Cooker,Bajaj,23030,9517.4,4.27,2025-06-13 15:57:05
632,Puma Tea,Groceries,Tea,Puma,1178,625.57,3.73,2025-06-04 14:28:02
633,Puma Tea,Groceries,Tea,Puma,1472,782.19,4.45,2024-09-12 06:00:53
634,Panasonic Biscuits,Groceries,Biscuits,Panasonic,832,570.23,2.04,2024-11-09 06:41:48
635,Goldstar Kurta,Fashion,Kurta,Goldstar,10219,6575.42,1.61,2025-04-28 05:29:38
636,CG Dal,Groceries,Dal,CG,613,411.4,4.16,2025-06-18 10:33:16
637,Himalaya Dinner Set,Home & Kitchen,Dinner Set,Himalaya,9206,4060.73,0.37,2025-03-08 01:14:59
638,H&M Dinner Set,Home & Kitchen,Dinner Set,H&M,11616,4955.89,3.78,2025-06-15 09:25:54
639,Apple Rice Cooker,Home & Kitchen,Rice Cooker,Apple,16370,7458.08,2.26,2025-05-06 13:05:45
640,Dell Charger,Electronics,Charger,Dell,127739,82249.1,2.53,2025-06-25 12:03:40
641,Sony Saree,Fashion,Saree,Sony,8324,3542.51,4.7,2025-02-27 10:34:31
642,LG Football,Sports,Football,LG,7402,3769.39,2.34,2024-10-06 23:18:07
643,P&G Badminton Racket,Sports,Badminton Racket,P&G,6741,3247.01,1.61,2024-09-22 14:39:42
644,Himalaya Football,Sports,Football,Himalaya,1289,649.74,0.28,2025-03-20 01:52:44
645,Generic T-Shirt,Fashion,T-Shirt,Generic,4807,2695.18,4.68,2025-02-16 07:37:51
646,P&G Rice Cooker,Home & Kitchen,Rice Cooker,P&G,2116,1346.35,4.79,2025-01-01 22:06:19
647,Zara Rice Cooker,Home & Kitchen,Rice Cooker,Zara,18459,9778.69,0.68,2025-05-28 17:44:54
648,LG Dal,Groceries,Dal,LG,436,245.73,1.42,2025-04-03 06:30:37
649,Dell Toothpaste,Health & Beauty,Toothpaste,Dell,1310,701.69,1.2,2024-07-07 20:21:36
650,Xiaomi Perfume,Health & Beauty,Perfume,Xiaomi,1516,842.02,0.95,2025-01-16 16:21:24
651,H&M Running Shoes,Sports,Running Shoes,H&M,6584,4042.32,1.65,2024-08-26 03:07:55
652,Sony Thermos,Home & Kitchen,Thermos,Sony,12482,8223.49,4.05,2024-08-14 03:40:36
653,CG Novel,Books,Novel,CG,1948,1228.92,0.69,2025-04-26 04:11:55
654,Nike Oil,Groceries,Oil,Nike,719,474.85,1.81,2024-11-29 21:00:50
655,Himalaya Soap,Health & Beauty,Soap,Himalaya,2355,1092.21,1.36,2025-04-26 02:38:43
656,Local Brand Yoga Mat,Sports,Yoga Mat,Local Brand,3696,2159.98,3.99,2025-02-23 14:59:57
657,P&G Mobile Phone,Electronics,Mobile Phone,P&G,7090,4297.77,2.81,2024-10-18 16:24:14
658,Zara Toothpaste,Health & Beauty,Toothpaste,Zara,2092,1136.76,2.75,2025-04-06 11:20:51
659,Panasonic Curtain,Home & Kitchen,Curtain,Panasonic,12392,5739.4,4.17,2025-03-08 10:57:08
660,Apple Magazine,Books,Magazine,Apple,1856,1018.8,3.02,2025-02-15 13:34:03
661,Himalaya Rice Cooker,Home & Kitchen,Rice Cooker,Himalaya,24832,10018.28,4.69,2024-11-22 10:24:53
662,Dell Novel,Books,Novel,Dell,562,236.27,1.17,2025-01-25 05:44:48
663,Apple Comic Book,Books,Comic Book,Apple,1853,1286.73,1.02,2024-11-23 20:21:15
664,Unilever Spices,Groceries,Spices,Unilever,235,111.97,1.56,2024-07-31 04:57:27
665,H&M Spices,Groceries,Spices,H&M,1439,587.73,1.43,2024-07-28 12:08:18
666,Xiaomi Comic Book,Books,Comic Book,Xiaomi,965,622.21,4.18,2025-01-12 07:38:24
667,Dell Novel,Books,Novel,Dell,1730,892.49,0.81,2025-02-04 18:32:44
668,H&M Watch,Fashion,Watch,H&M,4073,1911.17,2.77,2024-11-03 02:08:06
669,Unilever Dictionary,Books,Dictionary,Unilever,519,287.91,3.06,2025-01-23 23:22:59
670,Xiaomi Bag,Fashion,Bag,Xiaomi,1498,851.34,2.41,2024-07-13 08:17:28
671,Local Brand Blender,Home & Kitchen,Blender,Local Brand,8040,3805.64,3.21,2025-01-22 05:37:45
672,Unilever Cricket Bat,Sports,Cricket Bat,Unilever,10193,6915.48,3.06,2024-12-19 01:03:05
673,Goldstar Camera,Electronics,Camera,Goldstar,141321,83278.27,2.84,2024-11-06 10:57:34
674,Himalaya Perfume,Health & Beauty,Perfume,Himalaya,2875,1686.81,1.12,2024-11-07 23:34:00
675,Panasonic Magazine,Books,Magazine,Panasonic,1090,685.16,3.15,2025-03-24 13:58:40
676,Generic Tea,Groceries,Tea,Generic,1239,571.04,4.61,2025-03-04 01:27:46
677,Himalaya Dictionary,Books,Dictionary,Himalaya,1988,900.96,2.8,2024-08-17 06:22:27
678,Generic Spices,Groceries,Spices,Generic,915,511.26,3.12,2024-08-14 02:23:22
679,CG Kurta,Fashion,Kurta,CG,8667,5507.53,2.36,2024-10-22 12:51:16
680,CG Magazine,Books,Magazine,CG,1211,702.65,1.83,2025-04-05 12:27:17
681,Samsung Jeans,Fashion,Jeans,Samsung,2948,1332.27,0.78,2024-11-23 20:15:06
682,Dabur Dinner Set,Home & Kitchen,Dinner Set,Dabur,10893,6660.81,3.43,2025-02-24 12:51:12
683,Panasonic Bag,Fashion,Bag,Panasonic,4675,1930.77,0.22,2024-10-25 18:40:52
684,Adidas Yoga Mat,Sports,Yoga Mat,Adidas,11388,7045.12,1.84,2025-06-15 07:28:28
685,Dell Charger,Electronics,Charger,Dell,63226,32914.24,2.0,2024-10-22 07:41:47
686,Nike Laptop,Electronics,Laptop,Nike,97216,43458.34,1.42,2024-09-29 22:47:45
687,Unilever Yoga Mat,Sports,Yoga Mat,Unilever,6521,3414.54,3.35,2025-04-28 04:30:32
688,Dabur Soap,Health & Beauty,Soap,Dabur,2153,1485.85,4.99,2024-11-02 08:40:25
689,Panasonic Pressure Cooker,Home & Kitchen,Pressure Cooker,Panasonic,4009,1894.51,0.85,2024-10-13 07:34:40
690,H&M Badminton Racket,Sports,Badminton Racket,H&M,1432,758.98,1.52,2025-04-05 14:33:43
691,Local Brand Cricket Bat,Sports,Cricket Bat,Local Brand,3041,1748.27,3.17,2024-08-17 15:29:01
692,Bajaj Dinner Set,Home & Kitchen,Dinner Set,Bajaj,23688,15770.45,2.69,2024-09-09 11:44:07
693,Unilever Jeans,Fashion,Jeans,Unilever,3666,1915.12,2.6,2024-07-19 08:31:53
694,Sony Tea,Groceries,Tea,Sony,625,313.42,0.58,2024-12-01 20:30:59
695,Puma Tea,Groceries,Tea,Puma,580,343.31,0.47,2024-11-13 16:56:11
696,Local Brand Badminton Racket,Sports,Badminton Racket,Local Brand,3029,1505.14,2.04,2024-11-28 00:22:31
697,Sony Rice Cooker,Home & Kitchen,Rice Cooker,Sony,2884,1961.82,3.95,2024-10-17 14:30:54
698,Nike Comic Book,Books,Comic Book,Nike,498,312.28,1.9,2024-09-30 01:46:08
699,CG Curtain,Home & Kitchen,Curtain,CG,9306,4278.38,0.31,2025-01-17 09:45:16
700,Generic Yoga Mat,Sports,Yoga Mat,Generic,5898,3290.24,3.5,2025-04-19 09:14:45
701,Nike Yoga Mat,Sports,Yoga Mat,Nike,1634,1056.37,4.28,2024-11-07 00:52:37
702,Samsung Pressure Cooker,Home & Kitchen,Pressure Cooker,Samsung,8690,4833.93,1.44,2024-09-01 02:17:12
703,H&M Perfume,Health & Beauty,Perfume,H&M,2061,1360.02,1.52,2024-11-24 23:24:45
704,Panasonic Mobile Phone,Electronics,Mobile Phone,Panasonic,88000,36896.05,3.11,2024-10-21 07:11:31
705,CG Novel,Books,Novel,CG,1031,631.49,1.34,2024-08-17 03:45:10
706,Panasonic Camera,Electronics,Camera,Panasonic,128158,53794.95,4.72,2024-11-21 05:19:14
707,Samsung Makeup Kit,Health & Beauty,Makeup Kit,Samsung,2918,1993.79,2.77,2024-12-21 00:30:32
708,H&M Textbook,Books,Textbook,H&M,1123,712.12,4.3,2025-02-23 13:40:45
709,P&G Dictionary,Books,Dictionary,P&G,1942,911.34,0.98,2025-03-03 14:35:54
710,Unilever Badminton Racket,Sports,Badminton Racket,Unilever,7770,5319.28,2.06,2025-03-19 05:46:32
711,Dabur Magazine,Books,Magazine,Dabur,1166,530.12,2.79,2024-11-27 03:36:03
712,Generic Shampoo,Health & Beauty,Shampoo,Generic,2655,1320.92,0.51,2024-11-15 04:06:50
713,Bajaj Football,Sports,Football,Bajaj,7339,4181.34,3.69,2025-04-22 00:42:39
714,Bajaj Mobile Phone,Electronics,Mobile Phone,Bajaj,72553,48262.62,4.31,2024-10-22 21:22:18
715,Apple Mobile Phone,Electronics,Mobile Phone,Apple,9879,6193.87,2.88,2024-08-05 14:13:44
716,Local Brand Shoes,Fashion,Shoes,Local Brand,7273,4850.76,3.04,2024-10-14 03:16:06
717,Bajaj Yoga Mat,Sports,Yoga Mat,Bajaj,11202,7701.17,3.8,2025-06-09 03:02:28
718,Dell Toothpaste,Health & Beauty,Toothpaste,Dell,642,308.14,4.09,2025-02-14 17:15:46
719,Dabur Cricket Bat,Sports,Cricket Bat,Dabur,3195,1940.32,4.28,2025-05-31 20:56:28
720,Apple T-Shirt,Fashion,T-Shirt,Apple,2076,1063.9,3.2,2025-06-03 08:49:59
721,Samsung Dinner Set,Home & Kitchen,Dinner Set,Samsung,7963,4164.62,0.82,2024-08-01 02:46:07
722,Bajaj Rice,Groceries,Rice,Bajaj,339,195.53,4.89,2024-09-03 23:59:45
723,Samsung Magazine,Books,Magazine,Samsung,503,246.03,4.66,2024-08-21 02:58:16
724,LG Spices,Groceries,Spices,LG,676,456.51,4.83,2025-06-04 00:09:45
725,Sony T-Shirt,Fashion,T-Shirt,Sony,12983,8627.97,1.89,2024-08-24 23:18:21
726,Dabur Rice Cooker,Home & Kitchen,Rice Cooker,Dabur,9325,4646.0,3.24,2025-01-09 03:22:21
727,H&M Running Shoes,Sports,Running Shoes,H&M,5043,3456.31,2.57,2025-05-31 10:01:57
728,Nike Shoes,Fashion,Shoes,Nike,3336,2031.89,2.53,2024-09-13 16:42:54
729,Apple Dinner Set,Home & Kitchen,Dinner Set,Apple,3439,2102.57,2.51,2024-07-09 23:22:36
730,Unilever Badminton Racket,Sports,Badminton Racket,Unilever,10066,6164.67,4.33,2025-03-25 08:27:53
731,Puma Magazine,Books,Magazine,Puma,1744,801.04,0.99,2025-06-08 17:46:44
732,Dell Yoga Mat,Sports,Yoga Mat,Dell,10970,6676.78,0.57,2025-03-22 17:35:52
733,Puma Camera,Electronics,Camera,Puma,53125,29862.59,3.89,2025-03-06 02:39:05
734,Puma Novel,Books,Novel,Puma,1195,709.12,4.74,2024-10-23 21:26:15
735,Nike Rice Cooker,Home & Kitchen,Rice Cooker,Nike,13998,6383.94,2.75,2025-06-12 03:39:48
736,Local Brand Dal,Groceries,Dal,Local Brand,649,356.14,4.09,2025-05-04 02:06:34
737,Adidas Noodles,Groceries,Noodles,Adidas,732,336.73,2.16,2025-02-27 13:34:40
738,P&G Dictionary,Books,Dictionary,P&G,1218,683.2,2.36,2025-05-26 19:10:25
739,CG Yoga Mat,Sports,Yoga Mat,CG,8526,5606.83,4.47,2024-10-31 07:41:16
740,Goldstar Dinner Set,Home & Kitchen,Dinner Set,Goldstar,1712,708.57,3.61,2025-02-04 03:11:09
741,Samsung Shoes,Fashion,Shoes,Samsung,3693,1649.61,4.05,2025-06-23 10:33:20
742,Local Brand Badminton Racket,Sports,Badminton Racket,Local Brand,2972,1998.82,3.08,2025-01-03 11:54:15
743,Generic Badminton Racket,Sports,Badminton Racket,Generic,10911,6568.71,0.52,2024-06-30 14:16:21
744,Dabur Curtain,Home & Kitchen,Curtain,Dabur,16436,8756.61,0.13,2025-01-28 08:01:55
745,CG Magazine,Books,Magazine,CG,611,408.92,3.25,2025-01-07 08:16:49
746,Bajaj Toothpaste,Health & Beauty,Toothpaste,Bajaj,2104,1456.41,0.73,2025-05-17 16:17:51
747,Generic Soap,Health & Beauty,Soap,Generic,2017,1360.12,3.96,2025-01-26 14:25:40
748,Zara Dictionary,Books,Dictionary,Zara,1016,455.37,4.71,2025-05-28 14:17:07
749,Himalaya Biscuits,Groceries,Biscuits,Himalaya,1114,521.31,2.79,2025-06-09 05:03:05
750,Dell Blender,Home & Kitchen,Blender,Dell,12933,8593.16,4.88,2024-11-24 22:01:04
751,Dell Power Bank,Electronics,Power Bank,Dell,18054,8825.53,4.83,2024-09-02 13:19:53
752,Nike Shampoo,Health & Beauty,Shampoo,Nike,1397,847.61,4.89,2025-03-23 01:04:30
753,Apple T-Shirt,Fashion,T-Shirt,Apple,7660,4120.38,0.41,2024-09-11 09:11:22
754,Generic Biscuits,Groceries,Biscuits,Generic,55,34.67,0.17,2024-10-21 14:11:13
755,Apple Novel,Books,Novel,Apple,1356,635.71,1.24,2024-09-21 15:57:35
756,Dell Laptop,Electronics,Laptop,Dell,22070,14620.15,4.21,2025-05-04 08:57:40
757,Nike Perfume,Health & Beauty,Perfume,Nike,644,422.01,4.05,2024-10-19 08:56:21
758,Dabur Tea,Groceries,Tea,Dabur,409,174.5,4.65,2024-12-16 22:01:21
759,H&M Shampoo,Health & Beauty,Shampoo,H&M,2006,1174.49,1.07,2025-03-19 12:51:37
760,Sony Novel,Books,Novel,Sony,1945,1282.18,0.94,2024-10-27 23:37:41
761,Xiaomi Laptop,Electronics,Laptop,Xiaomi,59116,40982.3,0.41,2024-07-02 03:47:10
762,Sony Makeup Kit,Health & Beauty,Makeup Kit,Sony,662,285.41,2.0,2025-04-06 16:41:25
763,Samsung Spices,Groceries,Spices,Samsung,872,503.7,2.91,2024-07-15 14:45:05
764,Unilever Sandals,Fashion,Sandals,Unilever,5473,2481.08,0.29,2024-07-03 20:08:14
765,Panasonic Rice Cooker,Home & Kitchen,Rice Cooker,Panasonic,16981,11866.66,2.07,2025-01-09 18:21:51
766,Sony Mobile Phone,Electronics,Mobile Phone,Sony,111697,56494.23,1.86,2025-03-20 09:54:29
767,Zara T-Shirt,Fashion,T-Shirt,Zara,9753,4052.93,2.86,2025-04-23 01:37:33
768,Xiaomi Power Bank,Electronics,Power Bank,Xiaomi,79288,38888.2,3.89,2024-11-07 07:58:28
769,Sony Blender,Home & Kitchen,Blender,Sony,2399,1471.67,3.79,2024-10-28 01:05:36
770,Goldstar Yoga Mat,Sports,Yoga Mat,Goldstar,3724,2362.06,0.85,2025-05-12 04:33:49
771,Apple Oil,Groceries,Oil,Apple,273,185.66,3.25,2025-04-28 22:30:43
772,Dabur Badminton Racket,Sports,Badminton Racket,Dabur,11827,6573.64,1.78,2025-04-21 09:14:06
773,H&M Rice,Groceries,Rice,H&M,1067,723.35,3.78,2024-11-17 19:19:07
774,Apple Dinner Set,Home & Kitchen,Dinner Set,Apple,17787,8789.78,4.16,2024-10-23 09:11:27
775,H&M Dinner Set,Home & Kitchen,Dinner Set,H&M,3629,1773.41,2.67,2024-10-04 05:05:15
776,Adidas Sandals,Fashion,Sandals,Adidas,6819,3935.18,0.12,2025-06-18 07:52:56
777,Zara Comic Book,Books,Comic Book,Zara,1989,1000.24,4.95,2024-07-01 21:09:35
778,HP Spices,Groceries,Spices,HP,412,214.24,2.79,2024-12-13 07:30:40
779,Xiaomi Watch,Fashion,Watch,Xiaomi,10835,6847.91,2.31,2025-06-25 18:54:05
780,Goldstar Cricket Bat,Sports,Cricket Bat,Goldstar,4851,3316.03,4.04,2025-01-01 16:55:06
781,Xiaomi Curtain,Home & Kitchen,Curtain,Xiaomi,17014,8588.36,1.02,2025-02-03 19:19:33
782,LG Comic Book,Books,Comic Book,LG,919,432.03,1.58,2025-03-21 08:09:50
783,Dabur Shampoo,Health & Beauty,Shampoo,Dabur,1446,772.01,1.21,2025-02-05 23:16:05
784,Himalaya Football,Sports,Football,Himalaya,2045,1256.13,3.67,2025-05-13 05:58:12
785,Bajaj Speaker,Electronics,Speaker,Bajaj,146573,100164.84,0.25,2024-12-22 06:09:22
786,Apple Toothpaste,Health & Beauty,Toothpaste,Apple,836,413.54,4.56,2024-10-24 02:29:08
787,Dell Rice Cooker,Home & Kitchen,Rice Cooker,Dell,9601,5831.53,0.74,2025-04-23 11:08:55
788,Adidas Spices,Groceries,Spices,Adidas,880,554.3,4.68,2025-04-27 12:47:48
789,Zara Power Bank,Electronics,Power Bank,Zara,68310,40329.96,2.97,2024-10-10 23:50:53
790,Dabur Toothpaste,Health & Beauty,Toothpaste,Dabur,2144,943.24,0.62,2024-11-27 19:58:03
791,CG Sandals,Fashion,Sandals,CG,6265,3204.35,2.1,2025-01-19 16:18:06
792,Samsung Dinner Set,Home & Kitchen,Dinner Set,Samsung,2133,1201.38,1.53,2025-03-18 01:30:37
793,Himalaya Camera,Electronics,Camera,Himalaya,68495,42891.6,4.38,2024-12-24 08:27:48
794,CG Dictionary,Books,Dictionary,CG,317,164.11,2.46,2025-05-10 08:56:03
795,H&M Shampoo,Health & Beauty,Shampoo,H&M,1271,718.41,3.89,2024-12-02 02:39:38
796,Generic Rice Cooker,Home & Kitchen,Rice Cooker,Generic,24122,16502.51,3.49,2024-10-18 12:58:37
797,Puma Pressure Cooker,Home & Kitchen,Pressure Cooker,Puma,1438,915.32,4.21,2024-08-13 02:23:23
798,Puma Makeup Kit,Health & Beauty,Makeup Kit,Puma,1775,737.84,4.74,2025-04-10 22:32:36
799,Nike Textbook,Books,Textbook,Nike,1905,837.41,2.36,2024-11-17 23:49:48
800,Local Brand Headphones,Electronics,Headphones,Local Brand,127573,78773.64,0.5,2024-12-30 11:52:50
